Date,Entrée,Plat,Légumes,Laitage,Dessert,Gouter,Température,Humidité,Vitesse du vent moyen 10 mn,Attente moyenne,Taux particiaption,Taux gaspillage
2024-01-01,Pâté de campagne et cornichons OU betteraves,Filet de lieu sauce crème,Petits pois,Fromage,Fruit de saison,Pain/ beurre/ corbeille de fruits/ lait ou fromage,7.40000000000003,87,3.2,15.1280357447068,0.92049986,0.04123957
2024-01-02,Œuf dur sauce aurore,Émincé de poule au pot sauce crème OU Nugget's végé*,Purée de pommes de terre,,Pain perdu,"Pain
Crème de gruyère
Compote pomme",16.4,64,2.3,0.0,0.5649918,0.24617864
2024-01-03,Salade de tomate/ concombre,Parmentier de légumes d'été,,,Timbale glacée,Pain/ beurre/ pêche/ lait,20.7,56,1.3,44.2438364520825,0.94138324,0.18385255
2024-01-04,"Salade bicolore (choux rouge, blanc, pomme, raisin)",Filet de lieu dugléré,Riz créole/ poëlée de légumes,Fromage,Compote tous fruits,Pain/ beurre/ corbeille de fruits/ lait ou fromage,12.0,84,3.3,0.0,0.86052763,0.009126447
2024-01-05,Saucisson à l'ail/ cornichons OU macédoine de légumes,Filet de saumon,Gratin d'épinards panaché,,Banane équitable,Pain/ beurre/ corbeille de fruits/ lait ou fromage,21.3,59,4.6,0.0,0.9007027,0.072684504
2024-01-06,"Carottes Floride (carotte, jus d'orange)",Lasagnes de bœuf,Salade verte,Yaourt à la pulpe de fruits,,Pain/ beurre/ barre chocolatée/ lait,12.6,53,1.1,0.0,0.93220526,0.24585192
2024-01-07,Betteraves au miel,Couscous de légumes,,Yaourt,,"Pain / beurre
Compote de pomme
Lait",17.2,91,4.7,15.5468753515756,0.9361701,0.085185334
2024-01-08,Carottes chinoises,Porc au caramel OU Sauté de dinde OU Aiguillette de blé carotte *,Riz cantonais,,Moelleux mandarine,Pain / beurre / orange / lait,3.90000000000003,82,4.8,7.52528594593568,0.8874923,0.038054664
2024-01-09,"Salade de blé, tomates et maïs",Jambon braisé froid OU rôti de dinde,Julienne de légumes d'été,Petits suisses,Fruit de saison,Pain/ beurre/ corbeille de fruits/ lait ou fromage,21.8,63,7.7,7.52020823292842,0.8947438,0.47469836
2024-01-10,Potage de lègumes,Bolognaise végétale,Coquillettes,Fromage,Fruit de saison,"Pain / beurre
Barre chocolatée
Lait",5.80000000000001,58,1.9,17.3509240488778,0.9159503,0.035230964
2024-01-11,,,Tomates cerise/ macédoine vinaigrette œuf dur,Yaourt,Figuettes,,18.6,68,1.6,10.8167793631868,0.5807331,0.08611579
2024-01-12,Salade de lentilles vinaigrette,Omelette,Ratatouille paysanne,,Fruit de saison,"Pain
Confiture
Lait",9.40000000000003,82,5.2,19.4160926515092,0.8908422,0.3223859
2024-01-13,Melon,Sauté de dinde aux olives,Carottes à la crème,,Flan pâtissier,Pain/ confiture/ lait,20.7,64,1.2,8.97681261059315,0.9194723,0.22879401
2024-01-14,"Cœur de palmier, maïs, tomate",Saucisses de porc ou de volaille,Lentilles,Chèvre,Clémentine,Pain/ beurre/ corbeille de fruits/ lait/ fromage,4.40000000000003,53,5.3,0.0,0.9128442,0.23387568
2024-01-15,Œuf et salade,Gratin de pâtes aux brocolis,,,Cocktail de fruits,"Pain / beurre
Raisin noir
Lait",16.2,76,5.2,0.0,0.9118342,0.2725268
2024-01-16,Chou-fleur à la croc sauce cocktail,Escalope de dinde à la crème OU Galettes de millet,Petits pois,Yaourt,,"Pain / beurre
Barre chocolatée
Lait",11.1,81,3.5,0.0,0.14838123,0.2591755
2024-01-17,Salade de pommes de terre,Steak haché,Carottes à la crème,Petits suisses,Kiwi,Madeleine/ compote de pêches/ lait,1.20000000000005,92,2.8,0.0,0.5396307,0.26699084
2024-01-18,Carottes à l'orange,Filet de lieu,Gratin d'épinards panachés,Fromage,Banane équitable,Pain/ beurre/ corbeille de fruits/ lait ou fromage,14.3,94,7.4,10.0681960996683,0.9200842,0.041621387
2024-01-19,Salde de pomme de terre au thon,Rôit de veau,Haricots verts,Yaourt nature,Fruit de saison,Pain/ compote de pomme/ lait,12.4,68,10.3,0.0,0.9031389,0.09902226
2024-01-20,Duo de carottes/ courgettes/ vinaigrette,Chili de légumes,,Yaourt nature,,Pain/ crème de gruyère,17.8,90,1.2,12.3110873008028,0.915568,0.031599537
2024-01-21,Rillettes/ cornichons,Filtet de lieu sauce crevette,Riz créole,Camembert,Banane,Pain/ beurre/ corbeille de fruits/ lait ou fromage,10.0,64,6.4,0.0,0.9059291,0.11638958
2024-01-22,Pamplemousse,Rôti de bœuf OU Boulette de lentilles*,Carottes vichy pomme de terre,Fromage,Ananas brisés,Pain / confiture /banane équitable/lait,8.10000000000002,95,6.3,19.1644151001028,0.93687683,0.061569463
2024-01-23,Taboulé,Rôti de porc,Epinards béchamel,Saint Nectaire,Brugnon,Barre bretonne/ prunes/ lait,20.8,60,2.0,0.0,0.9060584,0.040631164
2024-01-24,Radis,Rôti de bœuf,Haricots verts,,Chou à la crème,Pain/ confiture/ lait,10.0,91,7.6,0.0,0.8659889,0.18778129
2024-01-25,"Salade carodis (carotte, radis noir, persil)",Omelette,Ratatouille/ pommes de terre,Yaourt à la fraise,,Pain/ beurre/ clémentines/ lait,12.2,99,4.1,1.7769199415267,0.9097664,0.13160886
2024-01-26,Riz printanier,Rôti de veau sauce forestière OU Aiguillette de blé aux carottes*,Petits pois / carottes,Fromage,Banane équitable,"Pain / beurre
Corbeille de fruits
Lait ou fromage",11.5,49,4.4,18.3303618433047,0.8609586,0.046694614
2024-01-27,Céleri vinaigrette,Omelette,Haricots verts/ pommes de terre,,Crème au chocolat/ petit beurre,Pain/ beurre/ barre chocolatée/ lait,12.5,61,4.6,16.6122980205752,0.9091578,0.19182074
2024-01-28,Pastèque,Pot au feu,Et ses légumes,Fromage,Far aux pommes,Pain / beurre / prunes / lait,22.4,66,5.0,0.0,0.919019,0.08666351
2024-01-29,PAS DE CENTRE,PAS DE CENTRE,PAS DE CENTRE,,PAS DE CENTRE,PAS DE CENTRE,18.0,69,5.8,18.2007311492063,0.8915543,0.093057625
2024-01-30,Betteraves vinaigrette,Jambon de dinde,Chips,,Cocktail de fruits,,23.4,47,3.5,0.0,0.56744236,0.069408454
2024-01-31,Betteraves au miel,Bolognaise végétale,Coquillettes,,Fruit de saison,"Pain / beurre
Barre chocolatée
Lait",21.4,60,5.1,0.0,0.92871475,0.03899856
2024-02-01,Salade de tomates/ féta,Gratin de pommes de terre au fromage fondu,,Emmenthal,Compote pommes/ fraises,Yaourt/ madeleine,15.3,87,1.5,17.2853805262487,0.57818866,0.29698953
2024-02-02,Œufs durs/ salade,Paëlla de légumes,,Crème nappée caramel,,Pain/ beurre/ pomme/ lait,3.40000000000003,82,6.2,0.0,0.8909178,0.1888273
2024-02-03,Pamplemousse,Sauté de bœuf goulash OU Boulette de lentilles*,Pâtes,,Compote pomme-abricot,"Pain / beurre
Pomme
Lait",13.9,83,7.7,0.0,0.9521713,0.041672032
2024-02-04,Cervelas OU macédoine de légumes,Croziflette,Salade verte,,Fruit de saison,Pain beurre/ corbeille de fruits/ lait ou fromage,10.0,68,3.9,4.37426019603505,0.90526557,0.40092534
2024-02-05,"Salade piémontaise (pomme de terre, tomate, jambon, œuf, cornichon)",Steak haché,Haricots beurre,Edam,Poire,Cake aux pépites de chocolat/ yaourt nature,12.8,49,4.4,0.0,0.51762176,0.52786547
2024-02-06,Pamplemousse,Rôti de porc au jus,Lentilles,Crme au chocolat,,Pain/ confiture d'abricots/ lait,10.7,58,4.5,38.3464534607311,0.9066253,0.038776778
2024-02-07,Riz niçois,Poulet label au jus,Haricots verts,Fromage,Fruit de saison,Pain/ beurre/ barre chocolatée/ lait,25.0,50,2.2,0.0,0.9016217,0.23077905
2024-02-08,Salade fromagère,Sauté de bœuf marocain OU Galette de lentilles corail boulgour*,Pomme de terre vapeur,,Dés d'ananas,Pain / confiture / fromage blanc,11.2,75,5.8,0.0,0.9207681,0.2743333
2024-02-09,"Salade coleslaw (chou blanc, raisin sec, mayonnaise)",Gratin de boulghour,Salade verte,Yaourt à la vanille,,Pain/ confiture/ lait,8.60000000000002,91,1.8,20.7825534928153,0.90027076,0.095153585
2024-02-10,"Riz niçois (riz, cronichon, tomate, petit pois, poivron)",Filet de lieu sauce armoricaine,Brocolis,Fromage,Fruit de saison,Pain/ beurre/ compote de pomme/ lait,3.40000000000003,99,2.0,0.0,0.108894855,0.03171693
2024-02-11,Œuf dur sauce aurore,Émincé de poule au pot sauce crème OU Nugget's végé*,Purée de pommes de terre,,Pain perdu,"Pain
Crème de gruyère
Compote pomme",16.4,64,2.3,0.0,0.5649918,0.24617864
2024-02-12,"Salade coleslaw (chou blanc, raisin, mayonnaise)",Rôti de veau au jus,Semoule,Fromage,Compote de pommes,Pain/ beurre/ banane équitable,7.20000000000005,75,3.1,0.0,0.683253,0.05938498
2024-02-13,Carottes râpées vinaigrette,Haricots blancs à la provençale,Riz,Fromage,Cocktail de fruits,Pain/ beurre/ barre chocolatée/ lait,14.8,98,0.7,0.0,0.9290424,0.031202372
2024-02-14,,,Salade de pâtes au surimi,Yaourt,Kiwi,,16.2,59,1.8,16.1731719392257,0.890129,0.07180582
2024-02-15,ferme,ferme,ferme,ferme,ferme,ferme,20.0,69,1.8,6.92186315772882,0.87682986,0.08681109
2024-02-16,Œuf dur et salade,Haricots blancs à la provençale,Riz,Yaourt nature,Cookies,"Pain / beurre
Barre chocolatée
Lait",17.5,73,5.4,0.0,0.94410497,0.2755764
2024-02-17,Carottes aux dés d'ananas,Couscous au poulet et ses légumes,,Carré frais,Cocktail de fruits,Pain/ beurre/ barre chocolatée/ lait,16.7,76,5.2,13.8621082480782,0.9438082,0.15691113
2024-02-18,Rillettes/ salade verte OU betteraves,Filet de saumon,Gratin d'épinard panaché,,Crêpes au chocolat,Pain/ beurre/ corbeille de fruits/ lait ou fromage,11.2,86,9.6,3.40889257954877,0.9188227,0.04011556
2024-02-19,"Salade d'hiver (carotte, céleri, pomme, raisin sec, citron)",Sauté de veau aux champignons,Petits pois,Riz au lait,,Pain/ confiture/ lait,11.7,63,6.2,0.0,0.57465065,0.037540052
2024-02-20,Concombre bulgare,,Flageolets,Fromage,Compote pommes/cassis,Pain/ confiture/ lait,17.8,83,4.7,18.4652210875912,0.9161545,0.1681872
2024-02-21,Radis et rondelé nature,Pot au feu OU Omelette*,Légumes du pot,,Far aux pommes,"Pain 
Crème de gruyère
Kiwi",14.8,89,3.3,17.8853938946041,0.8564899,0.17271192
2024-02-22,Concombres bulgares,Couscous d'agneau et ses légumes,Semoule,Crme pralinée,,Pain/ beurre/ kiwi/ lait,10.3,80,5.0,0.0,0.9080506,0.2535607
2024-02-23,Betteraves cuites vinaigrette / œuf dur,Gratin de boulghour,Salade verte,Crème vanille,,Pain/ beurre/ kiwi/ lait,7.90000000000003,90,3.3,12.1267138297117,0.8991207,0.14848652
2024-02-24,Galantine de volaille et salade verte,Filet de lieu sauce provençale,Gratin d'épinards panaché,Yaourt nature,Fruit de saison,"Pain / beurre
Corbeille de fruits
Lait ou fromage",14.9,58,6.6,0.0,0.94729894,0.057576254
2024-02-25,Haricots verts vinaigrette,Tortis bolognaises,,Edam,Banane,Cake aux pépites de chocolat/ lait,14.3,75,6.5,0.0,0.89921445,0.04790454
2024-02-26,Galantine de volaille/ salade verte,Filet de lieu,Gratin de brocolis,Fromage,Fruit de saison,,20.9,66,5.5,4.1499424922852,0.87057847,0.061650038
2024-02-27,Radis croc' fromage frais,Sauté de poulet à la milanaise OU Galette de tomate*,Pâtes,,Crèpes,"Madeleine
Crème à la vanille",17.9,40,1.3,34.0229092082647,0.87008953,0.28571135
2024-02-28,Chou fleur vinaigrette,Blanquette de veau OU Boulette de pois chiches*,Coquillettes,Petits suisses nature,Fruit de saison,"Pain / beurre
Barre chocolatée
Lait",15.7,91,5.0,0.0,0.13539867,0.04148321
2024-02-29,Salade aux croétons,Sauté de porc dijonnais,Flageolets,Gouda,Pomme,Pain/ beurre/ compote de fraises/ lait,17.9,64,8.6,0.0,0.9323643,0.04408242
2024-03-01,VACANCES SCOLAIRES,VACANCES SCOLAIRES,VACANCES SCOLAIRES,VACANCES SCOLAIRES,VACANCES SCOLAIRES,VACANCES SCOLAIRES,22.6,52,3.0,0.0,0.121185854,0.09326934
2024-03-02,Carottes aux dés de gruyère,Couscous de légumes,,Yaourt à la pulpe de fruits,,Pain/ beurre/ barre chocolatée/ lait,12.0,72,1.7,0.0,0.909786,0.17319688
2024-03-03,Betteraves cuites vinaigrette,Poulet rôti,Frites,Yaourt à la pulpe de fruits,,Pain/ compote de pommes/ lait,12.1,85,3.1,0.0,0.9054872,0.270103
2024-03-04,Betteraves / cossettes,Dos de lieu sauce armoricaine,Riz créole,,Fruit de saison,Pain/ beurre/ corbeille de fruits/ lait ou fromage,11.0,100,3.0,7.19020577922555,0.90709543,0.04140687
2024-03-05,"Salade d'hiver (carotte, céleri, pomme, raisin sec, citron)",Parmentier de légumes d'hiver,,Fromage,Crèpe au miel,Pain / crème de gruyère / banane équitable / lait,12.9,76,5.3,0.0,0.911505,0.04214807
2024-03-06,Salade de croûton,Sauté de porc OU rôti de dinde sauce piquante OU aiguillettes de blé et carottes *,Salsifis panachés,Petits suisses aux fruits,,Pain / beurre/ barre chocolatée/ lait,13.9,67,5.7,0.0,0.12554894,0.052483864
2024-03-07,Radis/ rondelé nature,Bolognaise,Tortis,,Crêpes au chocolat,Petit beurre/ orange/ lait,8.60000000000002,46,5.4,24.911459697778,0.8788866,0.074634135
2024-03-08,"Salade bicolore (chou rouge, chou blanc)",Poulet rôti au jus,Petit pois/ carottes,,Riz au lait,Pain/ beurre/ barre chocolatée/ lait,10.6,87,3.2,21.5801543556101,0.9026562,0.38279343
2024-03-09,Cœur de palmier/ maïs/ salade,Poisson pané,Petits pois la française,Petits suisses,Fruit de saison,Pain/ beurre/ barre chocolatée/ lait,8.5,59,5.6,20.4670708402596,0.8828253,0.40903586
2024-03-10,Thon/ pommes de terre,Poulet rôti label au jus,Petits pois/ carottes,Fromage,Fruit de saison,Pain/ confiture/ lait,19.2,74,3.6,1.02200962453623,0.92718977,0.37462637
2024-03-11,Rillettes/ salade,Filet de lieu sauce crevette,Gratin d'épinards panachés,Tome des Pyrénées,Banane,Pain/ beurre/ corbeille de fruits/ lait ou fromage,21.1,74,2.1,0.0,0.9366072,0.10206113
2024-03-12,Salade de blé aux légumes,Filet de lieu beurre persillé,Fondue de poireaux,Tome noire,Orange,Pain/ beurre/ barre chocolatée/ lait,8.90000000000003,86,2.0,22.2125146787511,0.5800788,0.08130033
2024-03-13,ferme,ferme,ferme,ferme,ferme,ferme,10.8,70,6.7,0.0,0.84088993,0.10410854
2024-03-14,ferme,ferme,ferme,ferme,ferme,ferme,18.2,61,3.0,0.0,0.3938221,0.08681109
2024-03-15,Salade de tomates/ féta,Gratin de boulgour,Salade verte,Yaourt à la pulpe de fruits,,Pain/ beurre/ corbeille de fruits/ lait ou fromage,19.6,64,3.4,6.55579148129948,0.9269899,0.2504186
2024-03-16,Salade verte et gruyère,Brandade de poisson,,,Fruit de saison,"Pain d'épices
Confiture
Fromage blanc",10.4,81,5.4,52.5720503881482,0.5770208,0.1573283
2024-03-17,,,Salade mexicaine,Yaourt,Pomme,,15.3,91,2.7,0.0,0.89348227,0.086884
2024-03-18,Pastèque,Rôti de veau au jus,Gratin de concombre panaché,Fromage blanc/ raisins secs,,Pain/ beurre/ barre chocolatée/ lait,19.5,68,7.6,14.5120539526953,0.9161853,0.035504073
2024-03-19,Choux-fleurs vinaigrette,Filet de lieu sauce oseille,Pommes boulangères,Saint Paulin,Clémentine,Pain/ beurre/ barre chocolatée/ lait,11.4,75,4.6,0.0,0.012351146,0.011537789
2024-03-20,Taboulé,Rôti de porc OU Rôti de dinde OU Mix veggie mexicain*,Carottes ménagères,Fromage,Banane équitable,"Pain / confiture
Petits-suisses aux fruits",17.7,88,5.4,0.0,0.5811494,0.037938032
2024-03-21,Sardines/ pommes de terre,Rôti de porc 1/2 sel OU sauté de dinde,Choux braisé,Fromage,Banane équitable,Pain d'épices/ compote de pomme,15.2,67,2.2,21.1574759640452,0.559424,0.043694034
2024-03-22,Carottes/ pamplemousse,Rôti de porc OU sauté de dinde,Pommes persillées,Yaourt à l'abricot,,Pain/ compote tous fruits/ lait,6.40000000000003,78,2.6,0.0,0.9371218,0.041394003
2024-03-23,Œuf / salade verte,,Gratin de boulghour,Fromage blanc / confiture de fraises,,Pain/ beurre/ barre chocolatée/ lait,11.8,77,,0.0,0.9333836,0.3134046
2024-03-24,Betteraves cuites/ mimosa,Gratin de boulgour,Salade verte,Fromage blanc sucré,,Madeleines/ compote de pommes/ lait,21.2,74,4.9,0.0,0.5830724,0.03842193
2024-03-25,Salade de gruyère,Cassoulet (saucisse de porc ou de volaille),,,Compote tous fruits,Pain/ confiture/ lait,15.3,76,2.4,0.0,0.91205275,0.27791837
2024-03-26,Macédoine mayonnaise,Sauté de poulet label marengo,Semoule,Fromage,Fruit de saison,Pain/ beurre/ barre chocolatée/ lait,14.0,63,4.2,0.0,0.91798764,0.25498593
2024-03-27,"Salade coleslaw (chou blanc, raisin, mayonnaise)",Rôti de veau au jus,Semoule,Fromage,Compote de pommes,Pain/ beurre/ banane équitable,7.20000000000005,75,3.1,0.0,0.683253,0.05938498
2024-03-28,Concombres dés de féta,Cordon bleu,Petits pois carottes,,Compote pommes / poires,Pain / beurre / barre chocolatée / lait,20.2,66,4.2,4.03661085231215,0.9205323,0.13694793
2024-03-29,Melon,Veau marengo,Haricots verts,,Chou à la crème,Pain/ compote de pêches/ lait,20.2,82,2.4,0.0,0.89745325,0.0871483
2024-03-30,Choux rouge/ raisins,Galette/ tomate/ fromage,Salade verte,,Crème lactée vanille,Pain/ beurre/ kiwi/ lait,11.0,68,3.6,6.36506292964306,0.028095825,0.009248499
2024-03-31,"Rillettes, cornichon OU Betteraves",Filet de lieu,Gratin de brocolis panaché,Fromage,Fruit de saison,"Pain / beurre
Corbeille de fruits
Lait ou fromage",18.0,76,2.6,26.5030641841124,0.9302323,0.030031743
2024-04-01,"Rillettes, cornichon OU Macédoine",Filet de lieu,Gratin de chou-fleur panaché,,Fruit de saison,"Pain / beurre
Corbeille de fruits
Lait ou fromage",8.5,79,6.0,0.0,0.91762185,0.13368474
2024-04-02,"Salade d'hiver (carotte, céleri, pomme, raisin sec, citron)",Sauté de porc agenais OU Rôti de dinde OU Mélange mix mexicain*,Haricots blancs,Yaourt,,"Pain / confiture
Raisins secs",17.5,85,4.6,0.0,0.9201656,0.02675993
2024-04-03,Tomate vinaigrette,Dos de lieu à la provençale,Courgettes persillées,Semoule au lait,,Pain/ beurre/ corbeille de fruits/ lait ou fromage,15.7,84,1.4,0.28433054253609,0.91850907,0.037101038
2024-04-04,Radis râpés / vinaigrette,Riz safrané aux légumes,,Fromage,Compote de pomme,Pain/ beurre/ pomme/ lait,13.6,82,4.8,15.5560798177786,0.9152309,0.042532746
2024-04-05,Chou-rouge vinaigrette,Poulet OU Galette de boulgour*,Frites,Yaourt,,"Pain / beurre
Barre chocolatée
Lait",21.2,77,2.3,0.0,0.8717314,0.3222229
2024-04-06,Potage carotte à la crème,Filet de lieu,Fondue de poireaux panachée,,kiwi,Pain/ corbeille de fruits/ lait ou fromage,9.20000000000004,81,2.0,0.0,0.905058,0.0392634
2024-04-07,Potage poireaux/ pommes de terre,Escalope de poulet au paprika,Coquillettes,Tomme des Pyrénées,Kiwi,Madeleine/ compote/ lait,12.8,99,0.9,0.0,0.005859421,0.0017578206
2024-04-08,Radis,Rôti de porc au jus,Frites,Fromage fondu,Compote pommes/ cassis,Biscuit goûter/ confiture de fraises,7.60000000000002,67,5.8,27.3333046270558,0.87963396,0.041792393
2024-04-09,ferme,ferme,ferme,ferme,ferme,ferme,17.0,56,4.4,0.0,0.8991435,0.086884
2024-04-10,Salade dés de feta,Rôti de bœuf au jus,Haricots verts,,Far breton,Beurre/ orange/ lait,15.9,54,1.9,0.0,0.8729139,0.26579857
2024-04-11,"Salade carodis (carotte, radis noir, persil)",Escalope de dinde OU Galette de lentilles corail*,Gratin de salsfis et pommes de terre,,"Crème au chocolat, biscuits petits beurre",Pain /beurre / orange / lait,14.6,92,4.7,0.334760240776693,0.92520446,0.13316984
2024-04-12,Taboulé,Rôti de porc OU Rôti de dinde OU Mix veggie mexicain*,Carottes ménagères,Fromage,Banane équitable,"Pain / confiture
Petits-suisses aux fruits",17.7,88,5.4,0.0,0.5811494,0.037938032
2024-04-13,Sardines/ beurre,Saucisse grillée,Lentilles,Gouda,Pomme,Pain/ beurre/ barre chocolatée/ lait,15.9,79,4.6,35.7562931241212,0.9207602,0.15012078
2024-04-14,Salade fromagère (salade verte et dés de gruyère),Sauté de bœuf goulash OU Croustillant fromager*,Carottes jeunes,,Ananas brisé,"Pain / beurre
Banane équitable
Lait",7.0,86,4.3,0.0,0.94433343,0.26864922
2024-04-15,Bâtonnet de courgette,Couscous de légumes,,Yaourt,,"Pain / beurre
Pêche
Lait",17.6,82,5.4,0.0,0.9293897,0.21612275
2024-04-16,"Salade carodis (carotte, radis noir, persil)",Gnocchi à la romaine,,,Compote de poire,Pain / beurre / barre chocolatée  / lait,12.1,63,3.7,0.0,0.1628243,0.12800434
2024-04-17,Pamplemousse,Lasagnes de bœuf,Salade verte,Yaourt à l'abricot,,Pain/ beurre/ barre chocolatée/ lait,17.1,60,1.7,35.4103620687279,0.93120146,0.17862643
2024-04-18,"Surimi, sauce cocktail et sa mâche",Sauté de chapon et sa sauce,Pommes pins,Fromage,Dessert glacé,Pain au lait/ jus de fruits,9.5,71,7.6,0.0,0.92832726,0.11748023
2024-04-19,Potage de légumes,Pâtes au potiron et mozzarella,,,Fruit de saison,"Madeleine
Crème à la vanille",10.7,82,1.4,1.69635241961767,0.86143553,0.04237128
2024-04-20,Melon,Sauté d'agneau marengo,Haricots verts,,Chou à la crème,Pain/ compote de pêches/ lait,20.2,82,2.4,0.0,0.8800775,0.2442315
2024-04-21,,Blanc de poulet,Salade de blé aux légumes,Yaourt,Abricots,,18.9,83,5.7,22.0431468152502,0.90334785,0.27517498
2024-04-22,Carottes persillées,Escalope de porc charcutière,Petits pois,Riz au lait,,Barre bretonne/ pche/ lait,19.3,56,1.5,3.48686131869086,0.90540785,0.03341897
2024-04-23,Betteraves et dés de mimolette,Saucisse de porc OU Saucisse de volaille OU Galette de soja à la tomate *,Flageolets,,Fruit de saison,"Pain / beurre
Barre chocolatée
Lait",13.0,67,1.0,11.1870825585231,0.92809707,0.19269781
2024-04-24,Céleri rémoulade,Filet de lieu sauce armoricaine,Riz créole,Tome noire,Banane,Pain/ beurre/ corbeille de fruits/ lait ou fromage,11.6,69,4.9,41.991335747066,0.90926147,0.043010775
2024-04-25,Potage poireaux/ pommes de terre,Escalope de poulet au paprika,Coquillettes,Tomme des Pyrénées,Kiwi,Madeleine/ compote/ lait,12.8,99,0.9,0.0,0.005859421,0.0017578206
2024-04-26,ferme,ferme,ferme,ferme,ferme,ferme,18.1,80,2.3,0.0,0.8502597,0.08681109
2024-04-27,Melon,Hachis parmentier,Salade verte,Yaourt à la pulpe de fruits,,Pain au lait/ jus de fruits,20.1,84,4.8,32.2671534915075,0.6187591,0.15607023
2024-04-28,Œuf salade,Couscous de légumes,,Fromage,Crème dessert,"Pain / beurre
Barre chocolatée
Lait",7.10000000000002,79,7.6,0.0,0.9020268,0.5094865
2024-04-29,Chou rouge/ vinaigrette,Sauté de porc OU Rôti de dinde à l'indienne,Pommes vapeur,Yaourt à l'abricot,,Pain/ beurre/ barre chocolatée/ lait,5.30000000000001,71,4.0,1.1573041000792,0.8920512,0.0364132
2024-04-30,Pastque,Saucisse rougail,Riz créole,,Sorbet mangue/ passion,Pain au lait/ jus de fruits,17.8,88,4.4,0.0,0.87434417,0.13939568
2024-05-01,Galantine de volaille/ salade verte,Filet de lieu,Gratin de brocolis,Fromage,Fruit de saison,,20.9,66,5.5,0.0,0.87057847,0.05170951
2024-05-02,"Salade bicolore (Chou rouge et blanc, pomme, raisin sec)",Boulghour de légumes,,Fromage,Compote pomme-banane,"Pain / beurre
Barre chocolatée
Lait",12.0,75,9.4,11.4253043882643,0.9245781,0.08480837
2024-05-03,ferme,ferme,ferme,ferme,ferme,ferme,11.5,53,2.0,4.75579411986482,0.28706187,0.08324979
2024-05-04,Tomates mozzarella,Poulet rôti,Haricots beurre provençale,,Grillé aux pommes,Pain / crème de gruyère / abricots,20.4,66,4.3,16.8396964560414,0.5986071,0.5364471
2024-05-05,"Salade carodis (carotte, radis noir, persil)",Poulet à l'ananas,Semoule aux épices,Fromage ail et fines herbes,Compote tous fruits,Pain/ confiture/ lait,15.3,86,3.3,33.6008063103544,0.90070564,0.16737704
2024-05-06,Piémontaise,Sauté de veau milanaise OU galette de soja à la tomate *,Carottes ménagères,Fromage,Fruit de saison,Petit écolier / compote pomme-abricot,15.9,92,7.0,0.0,0.58086324,0.17082673
2024-05-07,Carottes à l'orange,Escalope de dinde label sauce champignons,Épinards béchamel,Riz au lait,,Madeleine/ cocktail de fruits/ lait,6.5,84,5.3,0.0,0.57043684,0.1603752
2024-05-08,Pastèque,Rôti de porc au jus,Frites,Yaourt nature sucré,,Pain beurre/ brugnon/ lait,18.0,73,4.2,16.6440740887447,0.94327724,0.042103384
2024-05-09,"Salade méli-mélo (carotte, céleri)",Filet de lieu sauce citron,Pommes de terre persillées,Fromage,Grillé aux pommes,"Pain / beurre
Corbeille de fruits
Lait ou fromage",11.9,69,6.1,13.4126160711143,0.9018602,0.03557335
2024-05-10,ferme,ferme,ferme,ferme,ferme,ferme,18.7,64,5.5,0.0,0.8869528,0.08681109
2024-05-11,Salade de pâtes aux trois couleurs,Escalope de dinde label à la crème,Petits pois,Fromage,Fruit,Madeleine/ compote/ lait,13.6,74,8.1,0.0,0.5314405,0.28474236
2024-05-12,Potage de pois cassés,Boulette de patate douce,Julienne de légumes,Fromage,Fruit de saison,"Pain festif
Fromage blanc
Confiture de fraises",13.0,81,1.8,0.0,0.58031404,0.04222748
2024-05-13,"Salade pasta (tagliatelle, tomate, haricot vert, poivron)",,Brocolis,,Crème vanille,Petit beurre/ yaourt sucré,17.9,68,1.3,0.0,0.5820503,0.12400261
2024-05-14,"Salade bicolore (chou rouge et blanc, pomme, raisin sec)",Steak haché,Purée de pommes de terre,Saint Paulin,Poire,Petits suisses/ petits beurre,10.6,92,2.0,0.0,0.018501557,0.0035909142
2024-05-15,Carottes râpées vinaigrette,Filet de lieu beurre citron,Pommes de terre vapeur,Fromage,Compote,Pain / beurre/ corbeille de fruits/ lait ou fromage,10.2,91,4.4,8.95397324069126,0.8974169,0.042655826
2024-05-16,Œuf dur et salade,Haricots blancs à la provençale,Riz,Yaourt nature,Cookies,"Pain / beurre
Barre chocolatée
Lait",17.5,73,5.4,0.0,0.94410497,0.2755764
2024-05-17,Betteraves cuites vinaigrette / œuf dur,Gratin de boulghour,Salade verte,Crème vanille,,Pain/ beurre/ kiwi/ lait,7.90000000000003,90,3.3,12.1267138297117,0.8991207,0.14848652
2024-05-18,Chou-fleur persillé,Lasagnes OU Lasagnes de légumes*,,,Fruit de saison,"Pain / beurre
Barre chocolatée
Lait",12.9,69,2.3,20.0461167645547,0.91823256,0.17911327
2024-05-19,Carottes râpées persillées,Filet de lieu sauce moules,Fondue de poireaux,,Chou à la crème,Pain/ beurre/ corbeille de fruits/ lait ou fromage,8.40000000000003,82,5.4,0.0,0.9097233,0.03388514
2024-05-20,"Salade bicolore (chou rouge, chou blanc, pomme, raisin sec)",Navarin d'agneau,Haricots verts,,"Crème au chocolat, petit beurre",Madeleine/ banane,7.60000000000002,59,4.5,30.700443044673,0.582109,0.194797
2024-05-21,Pâté de campagne OU Betteraves,Filet de lieu,Gratin  de fenouil panaché,,Melon,"Pain / beurre
Corbeille de fruits
Lait ou fromage",17.6,62,2.6,0.0,0.9443809,0.03486851
2024-05-22,Rillettes/ salade,Filet de lieu à la grenobloise,Pommes persillées,Edam,Nectarine,Pain/ beurre/ corbeille de fruits/ lait ou fromage,16.9,84,0.0,14.6062600661262,0.90139323,0.12030764
2024-05-23,"Salade pasta (tagliatelle, tomate, haricot vert, poivron)",,Brocolis,,Crème vanille,Petit beurre/ yaourt sucré,17.9,68,1.3,1.41081995957445,0.5791009,0.12573709
2024-05-24,"Salade carodis (carotte, radis noir, persil)",Omelette,Ratatouille/ pommes de terre,Yaourt à la fraise,,Pain/ beurre/ clémentines/ lait,12.2,99,4.1,0.0,0.9097664,0.13160886
2024-05-25,Carottes râpées vinaigrette,Poulet rôti label rouge,Frites,Yaourt abricots,,Pain/ beurre/ barre chocolatée/ lait,11.1,59,3.7,0.0,0.9073692,0.3736123
2024-05-26,Potage de pois cassés,Escalope de porc OU Rôti de dinde OU Omelette*,Épinards en gratin,,Fruit de saison,"Barre bretonne
Compote pomme-abricot",14.0,79,3.8,0.0,0.57035935,0.04982146
2024-05-27,Céleri rémoulade,Omelette,Ratatouille et pommes de terre,Yaourt nature,,"Pain / beurre
Barre chocolatée
Lait",16.4,66,2.5,0.0,0.9312709,0.16026871
2024-05-28,Carottes au cumin,Omelette,Duo de ratatouille et pommes de terre,Crème au chocolat,Palmier,"Pain / beurre
Barre chocolatée
Lait",20.1,64,2.1,0.0,0.9253413,0.15894687
2024-05-29,Asperge sauce mousseline,Émincé de poulet sauce colombo OU Boulette de lentilles*,Haricots beurre,,Banane équitable,"Pain / beurre
crème au chocolat",9.80000000000001,42,7.2,0.0,0.57477564,0.14741448
2024-05-30,Radis,Rôti de porc au jus,Frites,Fromage fondu,Compote pommes/ cassis,Biscuit goûter/ confiture de fraises,7.60000000000002,67,5.8,0.0,0.87952673,0.040616207
2024-05-31,"Salade bicolore (chou rouge et blanc, pomme et raisins secs)",Émincé de dinde OU Indian veggie *,Petits pois,"Semoule au lait, caramel",,Pain / beurre / clémentines /lait,10.0,73,3.2,0.0,0.8837915,0.17016026
2024-06-01,Salade dés de gruyère,Omelette,Petits pois,,Compote pomme-fraise,"Pain / beurre
Barre chocolatée
Lait",16.1,81,1.8,0.0,0.91881955,0.2795402
2024-06-02,Concombre vinaigrette / 1/2 œuf dur,Couscous de légumes,,Yaourt nature,,Pain/ beurre/ barre chocolatée/ lait,18.1,75,4.8,0.0,0.93192446,0.4737332
2024-06-03,Crème de carottes,Bolognaise végétale,Pâtes,,Fruit de saison,Pain / beurre / barre chocolatée / lait,16.4,82,4.3,5.59803588474832,0.9276773,0.021981733
2024-06-04,Céléri fromage blanc,Lasagne OU lasagne de légumes*,Salade verte,,Compote pomme cassis,Pain / beurre/ barre chocolatée/ lait,15.7,80,6.6,0.0,0.92788464,0.06618695
2024-06-05,"Salade fromagère (salade verte, gruyère)",Rôti de bœuf au jus,Légumes du pot-au-feu,,Grillé aux pommes,Pain/ beurre/ poire/ lait,4.60000000000002,97,4.0,0.0,0.9326672,0.26283404
2024-06-06,Salade de tomates/ concombre,Veau marengo,Coquillettes,Fromage fondu,Abricots,Pain/ beurre/ corbeille de fruits/ lait ou fromage,19.8,68,5.7,0.0,0.92608565,0.28924394
2024-06-07,Potage de légumes,Filet de lieu sauce curry,Riz/ brunoise de légumes,Fromage,Fruit de saison,Pain/ beurre/ corbeille de fruits/ lait ou fromage,7.60000000000002,87,4.3,2.63548075773384,0.93798935,0.042188294
2024-06-08,Betteraves persillées,,Lentilles,Fromage,Fruit,Pain/ compote/ lait,17.7,84,0.9,4.62066923913094,0.9389336,0.04151004
2024-06-09,Salade de croûton,Lasagnes OU Lasagnes de légumes *,,Yaourt,Figues,Pain / beurre / barre chocolatée / lait,6.20000000000005,56,4.7,9.30702448030135,0.9244751,0.35139364
2024-06-10,ferme,ferme,ferme,ferme,ferme,ferme,11.5,68,3.9,20.5519058990904,0.37786582,0.09778807
2024-06-11,Chou rouge vinaigrette,Riz safrané,,Yaourt à la vanille,Spéculoos,"Pain / beurre
Compote de pomme-poire
Lait",14.7,62,2.9,0.0,0.9530369,0.037755337
2024-06-12,Salade de pâtes au thon,Jambon braisé OU Rôti de dinde sauce barbecue,Jardinière de légumes d'été,Fromage,Fruit de saison,Pain / confiture / yaourt nature,19.5,78,2.5,36.7234280153928,0.57089543,0.35359842
2024-06-13,"Thon, maïs, salade, fromage",Rôti de veau au jus,Légumes de tajine,,Compote/ palet breton,Pain/ beurre/ pomme/ lait,13.2,71,4.3,0.0,0.62708485,0.10944579
2024-06-14,ferme,ferme,ferme,ferme,ferme,ferme,20.6,58,1.7,0.0,0.9021262,0.08681109
2024-06-15,Saucisson à l'ail OU Betteraves,Filet de saumon sauce oseille,Riz pilaf,Fromage,Fruit de saison,"Pain / beurre
Corbeille de fruits
Lait ou fromage",19.2,39,6.1,15.8057767313763,0.9144764,0.027789056
2024-06-16,Salade carodis,Brandade de poisson,Salade verte,,Ile flottante crème anglaise,Pain / beurre / pomme /lait,15.9,83,5.5,1.68757004773482,0.87310827,0.10709894
2024-06-17,Betteraves cuites mimosa,Gratin de pommes de terre fromagé,Salade verte,,Brugnon,Pain/ beurre/ corbeille de fruits/ lait ou fromage,17.9,73,3.3,15.4396574575187,0.906195,0.039047975
2024-06-18,Émincé de radis vinaigrette,Escalope de dinde label sauce paprika,Salsifis panachés,Île flottante,,Petits beurre/ clémentines/ lait,12.1,71,7.1,0.0,0.07145234,0.10408601
2024-06-19,Betteraves crues râpées/ œuf,Gratin de pommes de terre au fromage,Salade verte,Crème au chocolat,,Petit beurre/ orange/ lait chaud,10.0,75,5.1,19.650587883311,0.5881714,0.1411204
2024-06-20,Betteraves et dés de fromage de chèvre au miel,Sauté de porc sauce chataîgne OU Rôti de dinde OU Croustillant fromager*,Haricots blancs,,Compote de pomme-abricot,"Pain / beurre
Barre chocolatée
Lait",10.5,93,3.0,15.6261647293285,0.91174036,0.040744707
2024-06-21,Chou rouge aux raisins,Riz safrané aux légumes,Salade verte,Fromage,Compote pommes / cassis,Pain/ beurre/ barre chocolatée/ lait,14.5,90,3.2,0.0,0.90961874,0.025601838
2024-06-22,Taboulé,Poulet OU Galette de soja au citron*,Haricots beurre,Yaourt,Figuettes,"Pain / beurre
Barre chocolatée
Lait",7.70000000000005,53,5.1,24.0260060730908,0.8848814,0.43530416
2024-06-23,"Salade fantaisie (céleri, pomme, raisin sec)",Sauté de porc ou de poulet agenais,Riz pilaf,Yaourt nature sucré,,Pain/ compote/ lait,16.1,74,4.6,39.5477845359836,0.9239099,0.058735378
2024-06-24,Pamplemousse,Omelette,Haricots beurre,Fromage blanc,Petits beurre,Pain/ compote/ lait,9.5,68,5.8,0.0,0.8642994,0.12876402
2024-06-25,Betteraves crues râpées/ œuf,Gratin de pommes de terre au fromage,Salade verte,Crème au chocolat,,Petit beurre/ orange/ lait chaud,10.0,75,5.1,4.91625236427266,0.5880642,0.14546815
2024-06-26,,"Hamburger (galette végé, guacamole, fromage, salade)",Frites,,Cône glacé,"Pain / beurre
Corbeille de fruits
Lait ou fromage",15.7,57,4.6,0.0,0.91888785,0.20901182
2024-06-27,Carottes vinaigrette,Galette tomate fromage,Salade verte,,Crêpe au chocolat,"Barre bretonne
Fromage blanc",17.0,87,5.8,0.0,0.60861534,0.15217295
2024-06-28,Radis,Bœuf marocain,Pommes persillées,Yaourt nature sucré,,Pain/ confiture de fraises/ lait,13.5,67,4.3,3.16939946712271,0.9562015,0.09715003
2024-06-29,Crème de carottes,Omelette,Ratatouille/ pomme de terre,,Fruit de saison,Pain/ confiture/ lait,8.20000000000005,68,3.0,0.0,0.8969221,0.22046128
2024-06-30,Pâté de campagne/ cornichons,Filet de lieu sauce crevette,Riz créole,Gouda,Banane,Pain/ beurre/ corbeille de fruits/ lait ou fromage,10.0,76,4.1,0.886068879914082,0.90146214,0.1360901
2024-07-01,REPAS DE NOËL,REPAS DE NOËL,REPAS DE NOËL,,REPAS DE NOËL,"Pain au lait
Jus de pomme
Fromage blanc",4.10000000000002,43,5.9,0.0,0.94042826,0.090189524
2024-07-02,Carottes aux raisins,Sauté de poulet barbecue OU Boulettes de lentilles*,Frites,Crème au chocolat,,"Pain / beurre
Barre chocolatée
Lait",15.3,59,2.2,21.3539197368248,0.9323801,0.1139628
2024-07-03,Crème de carottes,Gratin de pommes de terre au fromage frais,,,Fruit de saison,Pain/ beurre/ barre chocolatée/ lait,17.0,88,5.8,14.0969261951013,0.9264543,0.026261346
2024-07-04,Betteraves cuites,Jambon braisé au jus,Lentilles cuisinées,Edam,Pomme,Petits suisses/ cake aux fruits,14.6,69,4.9,3.21762889453686,0.5404445,0.031719763
2024-07-05,,,,,,,19.0,64,4.0,0.0,0.84810555,0.08681109
2024-07-06,Tomates au basilic,Sauté de porc charcutier OU Rôti de dinde charcutière,Brocolis panachés,Fromage,Fruit de saison,Pain au lait/ jus de fruits,21.5,58,3.2,0.0,0.5719353,0.14935833
2024-07-07,Taboulé,Rôti de porc au jus,Épinards béchamel,Saint Nectaire,Brugnon,Barre bretonne/ prunes/ lait,21.9,71,1.5,46.9511422564528,0.8969107,0.043065127
2024-07-08,Betteraves/ dés de fourme d'Ambert,Gratin de boulgour,Salade verte,,Fruit de saison,Pain/ beurre/ barre chocolatée/ lait,10.9,82,8.4,20.7447313653859,0.9220685,0.051313024
2024-07-09,"Coleslaw (chou blanc, carotte, raisin sec,mayonnaise)",Rôti de porc OU Rôti de dinde OU Galette Yumi texas*,Haricots blancs,Fromage,Cocktail de fruits,"Pain / beurre
Figuettes
Yaourt nature",14.8,89,1.6,31.5563969623464,0.9174964,0.04763783
2024-07-10,Pamplemousse,Rôti de dinde au jus,Petits pois,Crème chocolat,Petit beurre,Pain/ beurre/ pomme/ lait,22.4,79,4.1,15.7539099567989,0.9190558,0.026190069
2024-07-11,Rilettes OU betteraves,Filet de lieu beurre citron,Petits pois,Fromage,Figuettes,Pain/ beurre/ corbeille de fruits/ lait ou fromage,16.8,84,5.4,23.7366817788161,0.93990505,0.040857024
2024-07-12,Chou rouge/ pommes de terre,Aiguillettes poulet sauce louisiane,Haricots verts,Petits suisses,Fruit de saison,Mini quatre-quarts/ compote de poire/ lait,13.3,74,1.4,0.0,0.55122364,0.15701382
2024-07-13,Potage de légumes,Saucisse grillée,Choux braisés/ pommes de terre,,Far aux pommes,Compote de pêches/ petits beurre/ lait,11.1,86,2.2,14.764115042139,0.91258425,0.047468692
2024-07-14,Salade verte,,Piémontaise au thon,Fromage,Compote,,22.7,54,,0.0,0.9152091,0.12677962
2024-07-15,Carottes aux dés d'ananas,Filet de lieu sauce crevette,Riz pilaf,Carré frais,Abricots,Barre bretonne/ pche/ lait,27.1,56,4.5,7.42035229888696,0.9005746,0.03522051
2024-07-16,,Galette tomate fromage,Salade verte,,Crèpe au sucre,"Semoule au lait
Raisins secs",11.7,66,6.1,9.59039038083987,0.87756807,0.26853427
2024-07-17,Pastque,Steak haché,Coquillettes,Emmenthal,Cocktail de fruits,Pain/ beurre/ Pche/ lait,23.6,67,1.5,0.0,0.9039915,0.22603895
2024-07-18,Carottes aux dés de gruyère,Couscous de légumes,,Yaourt à la pulpe de fruits,,Pain/ beurre/ barre chocolatée/ lait,12.0,72,1.7,6.75858118406371,0.909786,0.17045584
2024-07-19,Pamplemousse,Tartiflette,Salade verte,,Compote pommes/ cassis,Pain/ beurre/ barre chocolatée/ lait,10.9,98,1.2,11.3478898437218,0.029537348,0.0074870987
2024-07-20,ferme,ferme,ferme,ferme,ferme,ferme,18.2,61,3.0,0.0,0.3938221,0.08681109
2024-07-21,Betteraves / 1/2 œuf dur,Gratin de boulgour,Salade verte,Yaourt aux fruits des bois,,Pain/ beurre/ barre chocolatée/ lait,13.4,99,0.8,9.28325962329812,0.9012789,0.11809678
2024-07-22,Salade de tomates,Poulet label rôti,Jardinire fra”che,Edam,Pche,Pain/ beurre/ corbeille de fruits/ lait ou fromage,21.2,58,0.6,0.0,0.897805,0.42654335
2024-07-23,Salade de pommes de terre au thon,"Jambon braisé, sauce chasseur OU röti de dinde label",Salsifis panachés,Fromage,Fruit,Madeleine/ compote/ lait,14.7,69,7.3,22.750107332215,0.53547126,0.2439202
2024-07-24,,,,,,,10.4,55,5.6,0.0,0.8357979,0.0952563
2024-07-25,"Salade d'automne (pomme, céleri,carotte, raisin sec)",Filet de saumon sauce oseille,Riz/ poêlée de légumes,,Éclair au chocolat,Pain/ beurre/ corbeille de fruits/ lait ou fromage,2.10000000000002,76,2.7,11.2287871752629,0.9209708,0.03743583
2024-07-26,Blé aux légumes,Lieu noir à la tomate,Courgettes persillées et pommes de terre,Fromage,Fruit de saison,"Pain / beurre
Corbeille de fruits
Lait ou fromage",16.7,60,4.4,0.0,0.9377622,0.03308517
2024-07-27,Rillettes/ cornichons ou macédoine vinaigrette,Filet de lieu sauce crevette,Riz créole/ brocolis,Emmental,Clémentines,Pain/ beurre/ corbeille de fruits/ lait/ fromage,9.40000000000003,76,4.2,24.6223083626458,0.8787078,0.1276619
2024-07-28,Blé aux légumes,Sauté de dinde label agenais,Haricots beurre,Fromage,Fruit,Cake aux pépites de chocolat/ lait chaud,17.7,74,3.9,0.0,0.57701623,0.16654989
2024-07-29,Salade aux croûtons / fromage,Rôti de porc au jus ou rôti de dinde au jus,Salsifis panachés,,Compote tous fruits,Pain/ beurre/ barre chocolatée/ lait,10.3,78,5.5,6.38066366687187,0.07161091,0.013754245
2024-07-30,Melon,Sauté de dinde aux olives,Carottes à la crème,,Flan pâtissier,Pain/ confiture/ lait,20.7,64,1.2,8.97681261059315,0.9194723,0.22879401
2024-07-31,Saucisson à l'ail/ salade,Filet de lieu sauce tomate,Brocolis,Saint Nectaire,Pomme,Pain/ beurre/ banane/ lait,9.5,99,1.0,0.0,0.025173813,0.014654194
2024-08-01,Radis et rondelé nature,Parmentier crécy OU Boulette de lentilles*,Salade verte,,Compote de framboises,"Pain 
Confiture
Petits suisses aux fruits",15.6,63,1.8,0.0,0.93799317,0.03254948
2024-08-02,Saucisson salade verte OU Betteraves,Filet de lieu sauce suchet,Brocolis panachés,Fromage,Banane équitable,Pain / beurre/ corbeille de fruits/ lait ou fromage,9.20000000000004,91,2.9,28.8893801256872,0.8890458,0.04411472
2024-08-03,Betteraves cuites,Galette saucisse de porc ou de dinde,Salade verte,Saint Paulin,Orange,Pain/ beurre/ corbeille de fruits/ lait ou fromage,12.3,81,7.2,17.1131863314445,0.032202903,-0.00045555382
2024-08-04,"Salade fromagère (salade verte, gruyère)",Blanquette de veau à l'ancienne,Riz pilaf,,Compote de pommes,Mini quatre-quarts/ clémentine/ lait,14.1,90,8.2,1.22070752644971,0.8932047,0.0714695
2024-08-05,Betteraves vinaigrette,Poisson pané beurre citron,Riz basmati,Petits suisses,Fruit de saison,Pain/ confiture/ lait,9.70000000000004,87,4.1,26.3148511604794,0.079617575,0.013003081
2024-08-06,Blé aux légumes,Sauté de dinde label agenais,Haricots beurre,Fromage,Fruit,Cake aux pépites de chocolat/ lait chaud,17.7,74,3.9,23.1602568518853,0.57162845,0.16676614
2024-08-07,Betteraves cuites mimosa,Gratin de pommes de terre fromagé,Salade verte,,Brugnon,Pain/ beurre/ corbeille de fruits/ lait ou fromage,17.9,73,3.3,0.0,0.91506755,0.038831737
2024-08-08,Saucisson à l'ail/ cornichons,Filet de lieu sauce tomate,Légumes de pot-au-feu,,Brioche,Pain/ beurre/ corbeille de fruits/ lait ou fromage,-0.399999999999977,100,2.2,49.0231508904848,0.929711,0.12236049
2024-08-09,Carottes à l'orientale,Couscous à la dinde OU Couscous de légumes *,,Fromage blanc,Figuettes,"Pain / beurre
Pomme
Lait",10.8,59,3.4,0.0,0.8922918,0.2778013
2024-08-10,Radis,Röti de bœuf,Coquillettes,Morbier,Poire,Pain/ compote/ lait,11.8,79,6.2,2.72627092375401,0.9089652,0.08999635
2024-08-11,Melon,Bolognaise OU Boulette de lentilles*,Pâtes,Yaourt,,"Pain / beurre
Raisin blanc
Lait",20.9,82,3.5,5.97968610914596,0.9203554,0.13198829
2024-08-12,Céléri fromage blanc,Lasagne OU lasagne de légumes*,Salade verte,,Compote pomme cassis,Pain / beurre/ barre chocolatée/ lait,15.7,80,6.6,1.57358663803011,0.92072564,0.06988245
2024-08-13,Potage de légumes,Parmentier de légumes,,Fromage,Fruit de saison,Pain/ compote/ lait,9.20000000000004,94,0.8,29.3505132832324,0.90608734,0.043513376
2024-08-14,Carottes râpées vinaigrette,Filet de lieu beurre citron,Pommes de terre vapeur,Fromage,Compote,Pain / beurre/ corbeille de fruits/ lait ou fromage,10.2,91,4.4,39.3052456601089,0.8975241,0.045353215
2024-08-15,Betteraves mimosa,Riz safrané,,Fromage,Fruit de saison,Pain/ beurre/ barre chocolatée/ lait,18.2,76,1.9,0.0,0.91572964,0.03375174
2024-08-16,VACANCES SCOLAIRES,VACANCES SCOLAIRES,VACANCES SCOLAIRES,VACANCES SCOLAIRES,VACANCES SCOLAIRES,VACANCES SCOLAIRES,22.6,52,3.0,0.0,0.121185854,0.09326934
2024-08-17,Chou fleur mimosa,Brandade de poisson,,,Fruit de saison,"Cake aux pépites de chocolat
Fromage blanc",12.2,59,3.3,7.62877330743041,0.8665382,0.047436934
2024-08-18,"Salade bicolore (chou rouge et blanc, pomme, raisin sec)",Sauté de porc à l'indienne,Carottes ménagères,,Far breton aux pommes,Pain/ beurre/ barre chocolatée/ lait,11.0,98,3.6,10.3387692597707,0.91770643,0.038823348
2024-08-19,Pâté de campagne cornichon OU Macédoine,Lieu noir beurre citron,Jardinière de légumes,Fromage,Banane équitable,"Pain 
Corbeille de fruits 
Lait ou fromage",12.4,68,5.6,0.0,0.88017046,0.12501912
2024-08-20,Choux rouge/ pommes/ raisins,Rôti de dinde label aux herbes,Haricots verts,,Semoule au lait,Petit beurre/ compote/ lait,6.70000000000005,72,7.2,7.71216173289917,0.59025645,0.13944817
2024-08-21,Taboulé,"Sauté de bœuf, sauce marocaine",,Fromage,Fruit de saison,Pain/ beurre/ barre chocolatée/ lait,19.3,78,4.5,51.2722223873351,0.93754023,0.13489875
2024-08-22,Potage de légumes,Gnocchi à la romaine,Salade verte,,Fruit de saison,Pain / beurre/ barre chocolatée/ lait,3.30000000000001,92,10.7,12.5461754379692,0.14009081,0.075219035
2024-08-23,Radis,Sauté de bœuf aux olives,Haricots beurre,Emmenthal,Compote de pommes/ cassis,Pain/ beurre/ banane/ lait,17.6,70,1.9,6.99505901119515,0.90469056,0.09116797
2024-08-24,Rillettes/ salade,Filet de lieu sauce crevette,Gratin d'épinards panachés,Tome des Pyrénées,Banane,Pain/ beurre/ corbeille de fruits/ lait ou fromage,21.1,74,2.1,0.0,0.9366072,0.10206113
2024-08-25,ferme,ferme,ferme,ferme,ferme,ferme,12.9,65,4.8,41.2804650677433,0.8304824,0.100310504
2024-08-26,Potage de légumes,Filet de lieu sauce beurre blanc,Julienne de légumes d'hiver,Semoule au lait,,Biscuit goûter/ compote/ lait,3.30000000000001,99,1.1,0.0,0.041710198,-0.0021601056
2024-08-27,Pamplemousse,Pot-au-feu et ses légumes,,,Riz au lait,Pain/ confiture/ lait,6.90000000000003,82,6.0,43.4757682287346,0.9065089,0.026856868
2024-08-28,Radis,Courgettes parmentieres,Salade verte,Yaourt à la myrtille,Spéculoos,Pain/ beurre/ pomme/ lait,20.9,71,1.2,0.0,0.9245799,0.039835513
2024-08-29,Carottes aux raisins secs,Poulet rôti label,Frites,Carré frais,Compote de pomme,Pain/ beurre/ barre chocolatée/ lait,14.0,95,2.0,3.88586073425523,0.92469424,0.32801792
2024-08-30,"Salade fantaisie (céleri, pomme, raisin sec)",Poisson pané beurre citron,Jardinière de légumes,Riz au lait,,Pain/ beurre/ poire/ lait,16.1,91,3.4,0.0,0.082473986,0.0035153641
2024-08-31,Concombre vinaigrette,Riz safrané aux légumes,,,Crème vanille nappé de caramel,Barre bretonne/ pêche/ lait,19.1,83,3.3,10.5998929481969,0.92217827,0.14120477
2024-09-01,Melon,Omelette,Ratatouille,Fromage blanc,Spéculos,Pain beurre/ brugnon/ lait,25.1,58,2.6,15.4271988790749,0.930553,0.32707527
2024-09-02,Salade aux croûtons,Sot-l'y-laisse de dinde label sauce champignons,Haricots verts,Riz au lait,,Pain/ beurre/ barre chocolatée/ lait,15.3,67,8.4,0.0,0.8713869,0.19373795
2024-09-03,Betteraves/ vinaigrette,Timbale milanaise OU dés de dinde,Salade verte,,Fruit de saison,Pain d'épice/ clémentines/ lait,8.5,61,6.9,0.0,0.567229,0.08409976
2024-09-04,,,,,,,11.6,51,6.5,0.0,0.7795528,0.09395523
2024-09-05,"Pâté de campagne, Cornichons ou betteraves",Filet de saumon sauce oseille,Gratin de choux-fleurs panachés,Saint-Paulin,Banane,Pain/ beurre/ corbeille de fruits/ lait/ fromage,8.80000000000001,70,6.7,0.0,0.9086168,0.03512852
2024-09-06,Taboulé,Poulet sauce barbecue OU Galette de tomate,Petits pois,Fromage,Fruit de saison,"Pain / beurre
Barre chocolatée
Lait",17.4,58,4.6,0.0,0.8658808,0.37192398
2024-09-07,Pastèque,Gratin de pâtes au thon,,,Compote pomme-fraise,"Pain / beurre
Corbeille de fruits
Lait ou fromage",17.4,70,8.2,0.0,0.9059653,0.04310543
2024-09-08,Blé au thon,Jambon braisé sauce forestière OU Rôti de dinde OU Aiguillettes de blé*,Haricots verts persillés,Fromage,Fruit de saison,"Cake aux pépites de chocolat
Compote pomme-framboise",12.8,85,2.4,6.99049722174842,0.5673577,0.26511115
2024-09-09,Radis et rondelé nature,Parmentier de potiron OU Boulette de lentilles*,,,Grillé aux pommes,"Pain 
Confiture
Lait",12.8,82,3.6,14.961819175047,0.9008714,0.037269164
2024-09-10,Tomate vinaigrette,Escalope de porc sauce forestière ou Rôti de dinde,Haricots beurre,Semoule au lait,,Petits suisses aux fruits / barre bretonne,17.9,65,0.7,9.32938693845978,0.5346043,0.02326768
2024-09-11,Radis/ rondelé nature,Hachis parmentier,Salade verte,,Compote pommes/ cassis,Pain/ beurre/ banane équitable/ lait,12.3,71,9.5,25.6218981840219,0.91376317,0.055428624
2024-09-12,Œuf / salade verte,,Gratin de boulghour,Fromage blanc / confiture de fraises,,Pain/ beurre/ barre chocolatée/ lait,11.8,77,,0.0,0.9333836,0.3134046
2024-09-13,Radis croc' fromage frais,Sauté de veau à la milanaise OU Galette de tomate*,Pâtes,,Crèpes,"Madeleine
Crème à la vanille",17.9,40,1.3,0.0,0.86194533,0.1044174
2024-09-14,ferme,ferme,ferme,ferme,ferme,ferme,16.6,82,2.9,0.0,0.8748688,0.086884
2024-09-15,Saucisson salade verte OU Betteraves,Filet de lieu sauce suchet,Brocolis panachés,Fromage,Banane équitable,Pain / beurre/ corbeille de fruits/ lait ou fromage,9.20000000000004,91,2.9,28.8893801256872,0.8890458,0.04411472
2024-09-16,Pamplemousse,Lasagne de bœuf,Salade verte,Yaourt aux fruits des bois,,Pain/ beurre/ barre chocolatée/ lait,17.5,72,2.1,0.0,0.92876345,0.044955067
2024-09-17,"Salade bicolore (chou rouge et blanc, pomme, raisin sec)",Filet de saumon,Gratin d'épinards panaché,Fromage,Compote pomme/ cassis,Pain/ beurre/ corbeille de fruits/ lait ou fromage,11.7,53,3.0,0.0,0.91362494,0.037355196
2024-09-18,"Salade carodis (carotte, radis noir, persil)",Saucisse,Lentilles,Edam,Compote tous fruits,Pain/ beurre/ orange/ lait,12.7,98,4.2,5.80651762636356,0.9020853,0.07093781
2024-09-19,Asperges sauce mousseline,Brandade de poisson,,Fromage,Fruit de saison,Mini quatre-quarts/ compote / lait,15.4,40,6.7,0.0,0.56362337,0.02067247
2024-09-20,Salade de lentilles/ cossettes de fromage,Escalope de porc OU rôti de dinde,Brocolis,,Fruit de saison,Fromage blanc/ raisins secs,10.1,71,2.8,0.0,0.5276943,0.09552847
2024-09-21,Pâté de campagne cornichon OU Betteraves,Saumon,Épinards béchamel,Fromage,Fruit de saison,"Pain / beurre
Corbeille de fruit
Lait ou fromage",14.3,94,7.5,15.3357109291897,0.9053376,0.039389357
2024-09-22,"Salade pasta (tagliatelle, tomate, haricot vert, poivron)",Sauté de porc dijonnaise,Salsifis panachés,Camembert,Abricots,Pain/ beurre/ barre chocolatée/ lait,17.5,65,3.8,19.5300258728594,0.92954296,0.05156107
2024-09-23,Salade de pommes de terre/ thon,Rôti de porc au jus,Petits pois cuisinés,Camembert,Pomme,Pain/ beurre/ barre chocolatée/ lait,18.3,61,4.9,8.08391921030803,0.9217702,0.040893845
2024-09-24,Carottes rapées vinaigrette,Haricots blancs à la provençale,Riz,Fromage,Cocktail de fruits,"Pain / beurre
Barre chocolatée
Lait",7.30000000000001,45,5.7,0.0,0.91510385,0.09258141
2024-09-25,Radis et rondelé nature,Parmentier crécy OU Boulette de lentilles*,Salade verte,,Compote de framboises,"Pain 
Confiture
Petits suisses aux fruits",15.6,63,1.8,0.0,0.93799317,0.03254948
2024-09-26,Betteraves / 1/2 œuf dur,Gratin de boulgour,Salade verte,Yaourt aux fruits des bois,,Pain/ beurre/ barre chocolatée/ lait,13.4,99,0.8,9.28325962329812,0.9012789,0.11809678
2024-09-27,Pamplemousse,Rôti de veau au jus,Haricots verts,,Far aux pommes,Pain/ beurre/ prunes/ lait,20.9,78,3.2,0.0,0.91180474,0.030354243
2024-09-28,Betteraves crues / œufs durs,Couscous de légumes,,Crme vanille,,Pain au lait/ jus de fruits,19.4,75,4.2,7.51147224670659,0.55773723,0.24174929
2024-09-29,Betteraves / 1/2 œuf dur,Gratin de boulgour,Salade verte,,Fruit de saison,Pain/ beurre/ barre chocolatée/ lait,10.8,51,6.9,5.58905063389535,0.9044706,0.12909184
2024-09-30,"Rillette, cornichon OU macédoine",Filet de lieu beurre ciboulette,Choux-fleurs panachée,,Fruit de saison,Pain/ beurre/ corbeille de fruits / lait ou fromage,15.3,95,3.7,0.0,0.93278855,0.042281795
2024-10-01,Saucisse à l'ail/ salade verte OU macédoine,Saumon sauce au beurre blanc,Pommes vapeur,Fromage,Fruit de saison,Pain/ beurre/ corbeille de fruits/ lait ou fromage,17.2,67,5.3,0.0,0.93024105,0.060575407
2024-10-02,ferme,ferme,ferme,ferme,ferme,ferme,17.7,75,5.8,5.00785241789162,0.84450644,0.08681109
2024-10-03,Potage poireaux / pommes de terre,Steak haché,Petits pois à la française,Petits suisses,Clémentines,Crème caramel/ galette bretonne,10.4,86,5.5,11.2753283875323,0.5535656,0.14339335
2024-10-04,Salade aux croétons,Sauté de porc dijonnais,Flageolets,Gouda,Pomme,Pain/ beurre/ compote de fraises/ lait,17.9,64,8.6,0.0,0.9323643,0.04408242
2024-10-05,Melon,Parmentier de crécy,Salade verte,Fromage,Compote tous fruits,Pain/ confiture/ lait,13.5,96,3.8,0.0,0.9004483,0.16202022
2024-10-06,Radis,Rôti de bœuf au jus,Haricots beurre,Fromage,Compote de pomme,Pain/ beurre/ kiwi/ lait,13.0,95,3.0,0.0,0.88517267,0.17032251
2024-10-07,Carottes aux noix,Omelette,Ratatouille et pommes de terre,Semoule au lait,,"Pain / beurre
Barre chocolatée
Lait",12.4,75,3.7,0.0,0.9043428,0.16510504
2024-10-08,"Salade fromagère (salade verte, gruyère râpé)",Tajine de veau aux pruneaux,Semoule aux épices,,Compote de pommes,Pain/ confiture d'abricots/ lait,6.70000000000005,67,4.4,0.0,0.9303371,0.14132799
2024-10-09,"Riz niçois (riz, cornichon,tomate, petit pois, poivron)",Sauté label antillais,Carottes vichy,Emmenthal,Nectarine,Pain/ beurre/ barre chocolatée/ lait,18.9,77,3.1,0.0,0.90880305,0.08227646
2024-10-10,Radis rapés au fromage blanc,Rôti de bœuf froid,Frites,Yaourt nature,,Pain/ beurre/ corbeille de fruits/ lait ou fromage,19.7,79,4.3,0.0,0.9467205,0.17183745
2024-10-11,Céleri rémoulade,Filet de lieu sauce hollandaise,Fondue de poireaux,Crème au chocolat,,Pain/ beurre/ corbeille de fruits/ lait ou fromage,19.1,88,4.1,0.0,0.9362483,0.033266433
2024-10-12,Duo de carottes/ courgettes/ vinaigrette,Chili de légumes,,Yaourt nature,,Pain/ crème de gruyère,17.8,90,1.2,2.58439942677696,0.92817825,0.027809082
2024-10-13,Potage poireaux / pommes de terre,Timbale milanaise,,Edam,Orange,Madeleine/ petits suisses,15.1,57,4.6,11.7615339541804,0.42381075,0.029756438
2024-10-14,"Cœur de palmier, tomate, maïs",,Flageolets,Fromage,Fruit,Pain/ compote/ lait,19.1,82,3.3,0.0,0.9424145,0.15443303
2024-10-15,Chou rouge vinaigrette,Riz safrané,,Yaourt à la vanille,Spéculoos,"Pain / beurre
Compote de pomme-poire
Lait",14.7,62,2.9,12.5596967756169,0.9530369,0.032287113
2024-10-16,Macédoine mayonnaise,Rôti de dinde au jus,Haricots verts,Fromage blanc,Fruit de saison,Madeleine/compote/ abricots/ lait,14.4,70,2.5,0.0,0.5720182,0.1754752
2024-10-17,Radis râpés au fromage blanc,Timbale milanaise de porc OU de Volaille OU Timballe végé*,,,"Île flottante, crème anglaise","Pain / beurre
Barre chocolatée
Lait",13.3,55,5.5,6.99916220758069,0.12689137,0.023404693
2024-10-18,"Salade grecque (concombre, tomate, féta)",Paëlla aux légumes,Salade verte,Yaourt à l'abricot,,Pain/ confiture de fraises/ lait,16.7,65,1.4,14.7016499534805,0.9114658,0.12812959
2024-10-19,Asperges / œuf,Paëlla de légumes,Salade verte,Edam,Clémentines,Pain d'épices/ lait ou chocolat chaud,11.7,86,5.3,22.3118010195542,0.549057,0.11812917
2024-10-20,Pamplemousse,Œuf sauce aurore,Semoule,,Crème lactée au chocolat,Pain/ beurre/ barre chocolatée/ lait,9.60000000000002,81,2.7,0.0,0.03559662,0.004754864
2024-10-21,Tomates et féta,Bœuf bourguignon OU Omelette*,Pommes de terre persillées,,Chou à la crème,"Pain / beurre
Banane équitable
Lait",20.6,68,2.1,0.0,0.9383095,0.43367276
2024-10-22,Pamplemousse,Dos de cabillaud sauce crème,Julienne de légumes d'hiver,Semoule au lait,,Pain/ beurre/ barre chocolatée/ lait,8.80000000000001,83,7.2,0.0,0.023780081,0.0030935092
2024-10-23,Salade de pâtes aux trois couleurs,Filet de saumon sauce crème,Choux-fleurs panachés,Crème pralinée,Galettes bretonnes,Pain/ beurre/ corbeille de fruits/ lait ou fromage,10.0,83,1.2,0.705625456126444,0.90640587,0.14794666
2024-10-24,Radis,Coquillettes bolognaises,,Morbier,Poire,Pain/ compote/ lait,11.8,79,6.2,0.0,0.89138514,0.04536027
2024-10-25,VACANCES SCOLAIRES,VACANCES SCOLAIRES,VACANCES SCOLAIRES,VACANCES SCOLAIRES,VACANCES SCOLAIRES,VACANCES SCOLAIRES,22.5,52,2.9,0.0,0.121185854,0.08679434
2024-10-26,Salade fromagère aux noix,Rôti de veau OU Omelette*,Légumes tajine,,Far aux pommes,Pain / confiture / banane équitable / lait,12.9,87,7.4,2.53328345862048,0.89391637,0.2205001
2024-10-27,Pâté de campagne,Filet de saumon sauce hollandaise,Purée de pommes de terre,Emmenthal,Poire,Madeleine/ compote/ lait,9.60000000000002,88,2.3,0.0,0.16333658,0.12981583
2024-10-28,Betteraves au miel,Rôti de porc OU Rôti de dinde OU Aiguillette de carottes*,Haricots blancs,Fromage,Fruit de saison,"Pain / beurre
Barre chocolatée
Lait",11.3,81,3.8,5.38177934234132,0.928159,0.031002933
2024-10-29,Crème de carottes,Lasagnes de bœuf,Salade verte,Crème au chocolat,,Pain/ beurre/ barre chocolatée/ lait,10.9,61,2.3,0.0,0.91231406,0.26434693
2024-10-30,"Salade méli-mélo (carotte, céléri)",Paëlla,,Fromage,Compote pommes/ framboises,Pain/ beurre/ barre chocolatée/ lait,19.5,59,3.4,0.0,0.9213027,0.032942884
2024-10-31,Melon,Haricots blancs à la provençale*,Riz pilaf,Fromage blanc,,"Pain / beurre
Barre chocolatée
Lait",23.7,31,6.7,6.52971741168577,0.91346925,0.1893112
2024-11-01,Céleri rémoulade,Steak haché,Petits pois cuisinés,,Far nature,Pain/ beurre/ corbeille de fruits/ lait ou fromage,9.20000000000004,89,0.0,0.31865256087451,0.14785498,0.2026633
2024-11-02,Galantine de volaille et salade verte,Filet de lieu sauce tomate,Duo de semoule et brocolis,Fromage,Fruit de saison,"Pain / beurre
Corbeille de fruits
Lait ou fromage",13.0,68,9.2,2.88824576834504,0.96192044,0.07536007
2024-11-03,Céleri rémoulade,Brandade de poisson,Salade verte,,Grillé aux pommes,"Pain / confiture
Yaourt nature",8.20000000000005,95,2.8,0.0,0.7717755,0.055484116
2024-11-04,"Salade bicolore (Chou rouge et blanc, pomme, raisin sec)",Rôti de porc OU Rôti de dinde OU Galette de soja*,Haricots blancs,Fromage,Compote pomme-poire,"Pain / beurre
Barre chocolatée
Lait",16.2,90,3.2,1.13166250291313,0.9160487,0.1292669
2024-11-05,Betteraves au miel,Bolognaise végétale,Coquillettes,,Fruit de saison,"Pain / beurre
Barre chocolatée
Lait",21.4,60,5.1,0.0,0.92871475,0.03899856
2024-11-06,Pastèque,Saucisse,Lentilles,Crème chocolat,,Pain/ beurre/ corbeille de fruits/ lait ou fromage,17.3,68,3.3,0.0,0.9160826,0.1415533
2024-11-07,Maïs/ thon/ tomate,Escalope de porc ou volaille dijonnaise,Carottes ménagère,Fromage blanc,Kiwi,Cake aux pépites de chocolat/ lait,13.3,66,6.8,0.0,0.5936323,0.16164093
2024-11-08,Concombres vinaigrette,Aiguillettes de poulet,Taboulé,Crème type montblanc,Biscuits,,15.8,83,1.8,23.6306181983416,0.95099264,0.31136733
2024-11-09,Pâté de campagne cornichon OU Betteraves,Saumon,Épinards béchamel,Fromage,Fruit de saison,"Pain / beurre
Corbeille de fruit
Lait ou fromage",14.3,94,7.5,11.0573473257373,0.90523034,0.03917312
2024-11-10,Céleri vinaigrette,Poulet rôti label,Frites,Yaourt nature,,Pain/ confiture/ lait,10.9,65,2.4,18.7736978842174,0.12331187,0.012906035
2024-11-11,"Salade d'hiver (carotte, céleri, pomme, raisin sec, citron)",Filet de lieu à l'oseille,Brocolis en gratin,,Eclair au chocolat,Pain / beurre / banane / lait,6.10000000000002,79,2.5,17.6904255347798,0.9012759,0.03699182
2024-11-12,Asperge sauce mousseline,Émincé de poulet sauce colombo OU Boulette de lentilles*,Haricots beurre,,Banane équitable,"Pain / beurre
crème au chocolat",9.80000000000001,42,7.2,0.0,0.57477564,0.14741448
2024-11-13,Salade de pâtes au thon,Jambon braisé OU Rôti de dinde sauce barbecue,Jardinière de légumes d'été,Fromage,Fruit de saison,Pain / confiture / yaourt nature,19.5,78,2.5,0.0,0.57313,0.35961136
2024-11-14,"Salade pasta (tagliatelle, tomate, haricot vert, poivron)",,Brocolis,,Crème vanille,Petit beurre/ yaourt sucré,17.9,68,1.3,1.41081995957445,0.5791009,0.12573709
2024-11-15,"Salade d'hiver (carotte, céleri, pomme, raisin sec, citron)",Gratin de pâtes au brocoli,,,Compote pomme-banane,Cake aux pépites de chocolats / clémentines,9.60000000000002,87,5.5,3.96398838492981,0.8929975,0.048814766
2024-11-16,Surimi sauce cocktail / mâche,Ballotin de poulet aux marrons OU Nuggets de blé*,Pommes noisette,,Barre glacé,Goûter de réserve,12.2,85,4.7,0.0,0.9051959,0.24790774
2024-11-17,Salade de pommes de terre persillées,Sauté de porc charcutier,Petits pois,Edam,Orange,Pain/ beurre/ barre chocolatée/ lait,8.20000000000005,80,11.3,7.92822436068129,0.8759191,0.051558666
2024-11-18,Salade carodis (radis noir),Rôti de bœuf  OU Aiguillette de blé*,Tortis,Yaourt à la vanille,,Pain spécial / fruit / lait,17.1,86,4.5,14.4548608490511,0.9189575,0.19814771
2024-11-19,"Salade fromagère (salade verte, gruyère râpé)",Blanquette de veau à l'ancienne,Riz pilaf,,Compote de pommes,Pain/ beurre/ kiwi/ lait,5.30000000000001,71,2.4,0.0,0.0298406,0.012375625
2024-11-20,Melon,Rôti de bœuf au jus,Purée de pommes de terre,Camembert,Banane,Cake aux pépites de chocolat/ lait,16.9,82,2.1,0.0,0.88413304,0.27502137
2024-11-21,"1/2 œuf dur, salade verte",Couscous de légumes,,Yaourt nature,,"Pain / beurre
Compote
Lait",14.0,59,3.6,0.0,0.91586745,0.4165337
2024-11-22,Concombre tzatziki,Sauté veau marengo,Haricots verts,Fromage,Dés d'ananas,Pain/ beurre/ banane équitable/ lait,16.7,73,3.1,0.0,0.92918307,0.066311136
2024-11-23,,,,,,,10.4,55,5.6,0.0,0.8357979,0.0952563
2024-11-24,Salade de thon/ pommes de terre,Jambon braisé OU rôti de dinde sauce champignons,Brocolis,Fromage,Fruit de saison,Pain/ banane/ lait,11.7,93,4.7,0.0,0.5303291,0.287303
2024-11-25,Choux-fleurs vinaigrette,Galette/ saucisse OU saucisse de volaille,Salade,Fromage,Fruit de saison,Pain/ beurre/ corbeille de fruits/ lait ou fromage,15.3,79,4.6,16.547051735709,0.060396645,0.008972631
2024-11-26,Pamplemousse,Tajine d'agneau,Et ses légumes,Semoule au lait/ sauce au chocolat,,Pain/ beurre/ banane équitable/ lait,12.2,27,8.6,0.0,0.9312255,0.060005825
2024-11-27,Carottes au dés de feta,Gratin de boulgour,Salade verte,,Compote tous fruits,Pain/ beurre/ barre chocolatée/ lait,4.10000000000002,73,4.5,0.0,0.9236987,0.037296183
2024-11-28,Rillettes / cornichons OU macédoine,Filet de lieu sauce normande,Carottes vichy panaché,Fromage,Banane équitable,Pain / beurre/ barre chocolatée/ lait,11.8,77,7.0,14.537856390866,0.9010803,0.10853569
2024-11-29,"Tortillas, guacamole",Chili con carné,Riz,,Barre glacée,Pain / beurre / abricot / lait,24.1,45,3.5,3.1209169889883,0.9366412,0.086596645
2024-11-30,Tomates et féta,Rôti de bœuf OU Omelette*,Semoule,,Chou à la crème,"Pain / beurre
Banane équitable
Lait",20.6,68,2.1,0.0,0.95010656,0.5023049
2024-12-01,Radis,Rôti de bœuf au jus,Purée de pommes de terre,Crème chocolat,,Päin/ beurre/ orange/ lait,15.6,79,4.7,0.0,0.89298093,0.15814604
2024-12-02,Betteraves et dés de feta,Rôti de porc OU Rôti de dinde OU Galette de soja à la tomate*,Frites,,Fruit de saison,"Madeleine
Compote pomme-banane",12.8,85,5.0,0.0,0.9250784,0.02854347
2024-12-03,"Surimi, sauce cocktail et sa mâche",Sauté de chapon et sa sauce,Pommes pins,Fromage,Dessert glacé,Pain au lait/ jus de fruits,9.5,71,7.6,0.0,0.92832726,0.11748023
2024-12-04,Taboulé,Rôti de porc,Epinards béchamel,Saint Nectaire,Brugnon,Barre bretonne/ prunes/ lait,20.8,60,2.0,0.0,0.9060584,0.040631164
2024-12-05,Carottes au citron,Saucisse grillée de porc ou de volaille,Lentilles,Yaourt aux fruits des bois,,Pain/ beurre/ barre chocolatée/ lait,11.2,83,2.8,5.52097519314803,0.9136051,0.12201326
2024-12-06,Potage poireaux / pommes de terre,Timbale milanaise,,Edam,Orange,Madeleine/ petits suisses,15.1,57,4.6,32.3160194238115,0.43538362,0.037666563
2024-12-07,Pâté de campagne/ salade OU betteraves,Filet de lieu sauce tomate,Pommes vapeur,Fromage,Fruit de saison,Pain/ beurre/ corbeille de fruits/ lait ou fromage,12.7,59,2.7,0.0,0.90678155,0.040670957
2024-12-08,Crème de courges/ carottes,Filet de lieu sauce crème,Épinards panachés,Camembert,Orange,Pain/ beurre/ corbeille de fruits/ lait ou fromage,7.80000000000001,72,6.4,0.0,0.89373076,0.036171556
2024-12-09,Melon,Eglefin,"Épinards à la crème, semoule",,Petit pot de glace,"Pain / beurre
Corbeille de fruits
Lait ou fromage",19.2,84,4.1,0.0,0.9144794,0.13801832
2024-12-10,Salade de pommmes de terre au thon,Rôti de veau au jus,Petit pois/ carottes,Fromage,Fruit de saison,Petits suisses/ mini quatre-quarts,9.30000000000001,66,5.1,24.8005662397963,0.019020896,0.011081898
2024-12-11,Taboulé,Rôti de porc,Epinards béchamel,Saint Nectaire,Brugnon,Barre bretonne/ prunes/ lait,20.8,60,2.0,0.0,0.9060584,0.040631164
2024-12-12,Céleri rémoulade,Couscous de légumes,,Yaourt nature,Figuettes,Pain / beurre / orange / lait,10.2,88,5.9,0.0,0.8902825,0.19107133
2024-12-13,Asperge sauce mousseline,Émincé de poulet sauce colombo OU Boulette de lentilles*,Haricots beurre,,Banane équitable,"Pain / beurre
crème au chocolat",9.80000000000001,42,7.2,12.154151069117,0.57477564,0.14722396
2024-12-14,Asperges vinaigrette échalote,Sauté de dinde louisianne,Purée de pommes de terre,Emmenthal,Nectarine,Yaourt/ cocktail de fruits,16.2,72,3.9,14.7905729192248,0.5932849,0.10134177
2024-12-15,Chou-fleur vinaigrette,Galette tomate fromage,Salade verte,,Fruit de saison,"Fourré au chocolat
Fromage blanc",9.90000000000003,86,3.6,8.07893423279795,0.8981639,0.19830276
2024-12-16,Blé aux légumes,Émincé de dinde label aux champignons,Haricots verts,Camembert,Clémentines,Pain/ beurre/ barre chocolatée/ lait,7.10000000000002,45,0.7,4.45833252316163,0.92926514,0.21311554
2024-12-17,"Salade bicolore ( chou rouge et blanc, pomme, raisin sec)",Escalope de poulet,Haricots verts,,Flan pâtissier,Madeleine/ chocolat chaud,12.0,73,1.4,8.35483683145256,0.5542898,0.28941447
2024-12-18,Choux fleurs vinaigrette,Gratin de boulghour,Salade verte,,Fruit de saison,Pain/ beurre/ compote de pommes,15.7,73,3.3,23.6741600688883,0.9223134,0.033930704
2024-12-19,Pamplemousse,Poisson pané,Printanière de légumes,Ile flottante,,Pain/ beurre/ barre chocolatée/ lait,1.30000000000001,41,8.0,0.0,0.114765346,0.012625343
2024-12-20,"Salade fantaisie (céleri, pomme, raisin sec)",Poisson pané beurre citron,Jardinière de légumes,Riz au lait,,Pain/ beurre/ poire/ lait,16.1,91,3.4,0.0,0.082473986,0.0035153641
2024-12-21,Taboulé,Rôti de porc,Epinards béchamel,Saint Nectaire,Brugnon,Barre bretonne/ prunes/ lait,20.8,60,2.0,0.0,0.9060584,0.040631164
2024-12-22,Riz printanier,Rôti de veau sauce forestière OU Aiguillette de blé aux carottes*,Petits pois / carottes,Fromage,Banane équitable,"Pain / beurre
Corbeille de fruits
Lait ou fromage",11.5,49,4.4,0.0,0.86085135,0.0513065
2024-12-23,Pâté de campagne/ salade,Filet de lieu sauce crème,Brocolis panachés,Gouda,Banane,Pain/ beurre/ corbeille de fruits/ lait ou fromage,20.6,69,3.2,0.0,0.93590796,0.10930298
2024-12-24,Salade de lentilles,"Blanc de poulet, sauce barbecue",Courgettes au gratin frais,,Fruit de saison,Pain/ confiture/ lait,21.3,73,1.7,19.2948230047679,0.90662354,0.27331758
2024-12-25,Céleri rémoulade,Steak haché,Petits pois cuisinés,,Far nature,Pain/ beurre/ corbeille de fruits/ lait ou fromage,9.20000000000004,89,0.0,0.0,0.14785498,0.20062904
2024-12-26,Tomates mozzarella,Filet de lieu sauce beurre citron OU Galette de soja à la tomate*,Jardinière de légumes d'été,,Far aux pommes,"Pain / beurre
Corbeille de fruits
Lait ou fromage",15.0,99,2.7,0.0,0.90802515,0.2973376
2024-12-27,"Salade de haricots verts, fromage blanc",Rôti de porc OU Rôti de dinde OU Boulette de lentilles*,Purée de pommes de terre,Petits suisses nature,Fruit de saison,"Pain / beurre
Barre chocolatée
Lait",19.8,74,2.0,43.8122171666331,0.57027525,0.05221515
2024-12-28,"Salade fromagère (salade verte, dés de gruyère)",Rôti de bœuf,Haricots verts,,Galette des rois,Pain/ confiture/ lait,12.9,95,7.9,10.1979011762384,0.9103215,0.28820992
2024-12-29,Salade de blé au thon,Blanc de poulet sauce suprême,Jardinière de légumes,Fromage blanc,Fruit de saison,Mini quatre-quarts/ compote pomme/ cassis,15.5,79,5.8,0.0,0.5453087,0.30269566
2024-12-30,Carottes râpées,Dos de cabillaud,Brocolis,Semoule au lait,,Madeleine/ lait fraise,26.3,55,3.4,3.46537611349217,0.5452057,0.019918751
2024-12-31,Salade de tomates/ maïs,Hachis parmentier,Salade verte,Edam,Banane,Pain/ beurre/ corbeille de fruits/ lait ou fromage,16.9,73,3.7,0.0,0.9169615,0.3483262
